commit	start	end	train_s	eval_s	status
92e43e6	1790933771.2	1790933803.0	1.1	30.7	ok
d5db16a	1790933853.4	1790933886.8	2.6	30.9	ok
1bc04f9	1790933941.6	1790933979.1	6.7	30.9	ok
83aa804	1790934004.4	1790934027.6	2.5	20.8	ok
1367ab9	1790934073.8	1790934102.7	2.6	26.4	ok
d2a5ebd	1790934134.3	1790934163.3	2.6	26.5	ok
86f3f5d	1790934189.9	1790934220.1	3.8	26.4	ok
91078a9	1790934247.7	1790934278.3	4.3	26.3	ok
08b3321	1790934332.6	1790934367.7	4.4	30.8	ok
e834e0a	1790934406.1	1790934436.3	3.7	26.4	ok
f943154	1790934492.7	1790934524.6	6.6	25.2	ok
fd28d69	1790934563.1	1790934594.0	4.6	26.2	ok
f81b566	1790934628.2	1790934657.4	2.9	26.2	ok
8ab7c16	1790934696.9	1790934735.5	10.7	27.9	ok
ad433dd	1790934780.0	1790934803.6	3.9	19.6	ok
a647682	1790934843.4	1790934870.9	5.1	22.4	ok
b4a2ce2	1790934900.1	1790934922.5	2.8	19.5	ok
1685830	1790935020.6	1790935056.2	4.6	31.0	ok
dc58fd7	1790935120.4	1790935148.3	4.0	24.0	ok
9cf889f	1790935223.0	1790935252.9	5.5	24.3	ok
cb509ac	1790935299.9	1790935327.8	3.9	23.9	ok
c51fccb	1790935370.3	1790935394.8	3.7	20.7	ok
c41d817	1790935418.6	1790935443.0	3.8	20.6	ok
2c25a2a	1790935471.3	1790935494.2	2.3	20.6	ok
a0b0d22	1790935557.0	1790935589.6	4.1	28.5	ok
bfd4afd	1790935653.4	1790935687.5	5.8	28.3	ok
45209f9	1790935750.0	1790935790.0	18.3	21.7	ok
3ac54d3	1790935824.9	1790935849.9	4.3	20.7	ok
9a1eda4	1790935905.1	1790935949.7	18.0	26.6	ok
21c3810	1790935998.1	1790936060.2	40.5	21.6	ok
c4abe21	1790936114.9	1790936156.5	19.7	21.9	ok
a6a20c3	1790936273.8	1790936313.0	17.5	21.6	ok
17ad95d	1790936422.7	1790936467.3	19.7	24.8	ok
6b63ebf	1790936630.9	1790936670.3	17.8	21.6	ok
018f3a0	1790936739.1	1790936784.6	18.6	26.9	ok
f28748e	1790936830.5	1790936877.6	20.0	27.2	ok
49eae26	1790936901.4	1790936966.4	37.2	27.9	ok
e0392e7	1790937007.7	1790937081.0	38.2	35.0	ok
9c46136	1790937137.0	1790937216.6	51.6	28.0	ok
ce60acd	1790937259.9	1790937324.9	37.0	28.0	ok
8a99d53	1790937486.9	1790937555.7	37.9	30.9	ok
0a79e59	1790937752.2	1790937821.4	37.8	31.3	ok
2b15c0c	1790937870.0	1790937935.5	37.3	28.3	ok
ab6096e	1790937968.3	1790938029.4	33.2	28.0	ok
599ccec	1790938066.9	1790938150.0	41.9	41.2	ok
401c67e	1790938186.9	1790938251.7	36.7	28.1	ok
f385c1a	1790938293.6	1790938352.0	31.0	27.4	ok
9071072	1790938390.1	1790938460.9	37.7	33.1	ok
d8db291	1790938484.3	1790938549.8	37.4	28.1	ok
ec5a136	1790938586.8	1790938658.0	42.9	28.2	ok
c987e43	1790938749.0	1790938831.8	41.3	41.4	ok
f7a3f3e	1790938876.9	1790938950.1	37.9	35.3	ok
3254722	1790939016.5	1790939112.4	49.2	46.8	ok
e770ebd	1790939137.2	1790939220.3	41.8	41.3	ok
fe1b7ec	1790939241.3	1790939324.4	41.9	41.2	ok
5eedfb5	1790939361.5	1790939449.2	43.2	44.5	ok
b4d75f0	1790939479.6	1790939555.1	34.9	40.7	ok
461f747	1790939603.2	1790939701.6	56.4	42.0	ok
0cf64a1	1790939758.4	1790939844.7	42.8	43.6	ok
30ace33	1790939888.1	1790939958.2	39.3	30.9	ok
e175e6b	1790940018.2	1790940106.1	44.3	43.6	ok
4ba0799	1790940132.2	1790940219.7	43.8	43.7	ok
3b22ae5	1790940253.8	1790940333.2	35.9	43.5	ok
c944125	1790940366.3	1790940460.9	50.5	44.2	ok
a8dea74	1790940498.5	1790940593.2	50.5	44.2	ok
b4347d2	1790940674.8	1790940778.6	56.0	47.8	ok
bee1f30	1790940799.9	1790940894.4	50.1	44.4	ok
